{
  "version": "2020.2",
  "applications": [],
  "platforms": [
    {
      "name": "block_design_wrapper"
    }
  ],
  "systems": [
    {
      "name": "microblaze_helloworld",
      "platform": "/home/ashwin/vitis_workspace/block_design_wrapper/export/block_design_wrapper/block_design_wrapper.xpfm",
      "sysConfig": "block_design_wrapper",
      "buildConfig": "Emulation-SW",
      "applications": [
        {
          "name": "microblaze_helloworld_app",
          "platform": "/home/ashwin/vitis_workspace/block_design_wrapper/export/block_design_wrapper/block_design_wrapper.xpfm",
          "platformPath": "/home/ashwin/vitis_workspace/block_design_wrapper/export/block_design_wrapper",
          "sysConfig": "block_design_wrapper",
          "domain": "standalone_microblaze_0",
          "system": "microblaze_helloworld"
        }
      ],
      "platformPath": "/home/ashwin/vitis_workspace/block_design_wrapper/export/block_design_wrapper"
    }
  ],
  "others": []
}