{
  "version": "2020.2",
  "applications": [],
  "platforms": [
    {
      "name": "microblaze_mutliplier"
    }
  ],
  "systems": [
    {
      "name": "multplier_system",
      "platform": "/home/ashwin/vitis_workspace/microblaze_mutliplier/export/microblaze_mutliplier/microblaze_mutliplier.xpfm",
      "sysConfig": "microblaze_mutliplier",
      "buildConfig": "Emulation-SW",
      "applications": [
        {
          "name": "multplier",
          "platform": "/home/ashwin/vitis_workspace/microblaze_mutliplier/export/microblaze_mutliplier/microblaze_mutliplier.xpfm",
          "platformPath": "/home/ashwin/vitis_workspace/microblaze_mutliplier/export/microblaze_mutliplier",
          "sysConfig": "microblaze_mutliplier",
          "domain": "standalone_domain",
          "system": "multplier_system"
        }
      ],
      "platformPath": "/home/ashwin/vitis_workspace/microblaze_mutliplier/export/microblaze_mutliplier"
    }
  ],
  "others": []
}